lat	lng	price
"[<div class=""viewposting"" data-accuracy=""0"" data-latitude=""49.266482"" data-longitude=""-123.236959"" id=""map""></div>]"	"[<div class=""viewposting"" data-accuracy=""0"" data-latitude=""49.266482"" data-longitude=""-123.236959"" id=""map""></div>]"	"[<div class=""viewposting"" data-accuracy=""0"" data-latitude=""49.266482"" data-longitude=""-123.236959"" id=""map""></div>]"
"[<div class=""viewposting"" data-accuracy=""0"" data-latitude=""49.246083"" data-longitude=""-123.114767"" id=""map""></div>]"	"[<div class=""viewposting"" data-accuracy=""0"" data-latitude=""49.246083"" data-longitude=""-123.114767"" id=""map""></div>]"	"[<div class=""viewposting"" data-accuracy=""0"" data-latitude=""49.246083"" data-longitude=""-123.114767"" id=""map""></div>]"
"[<div class=""viewposting"" data-accuracy=""0"" data-latitude=""49.282364"" data-longitude=""-122.983875"" id=""map""></div>]"	"[<div class=""viewposting"" data-accuracy=""0"" data-latitude=""49.282364"" data-longitude=""-122.983875"" id=""map""></div>]"	"[<div class=""viewposting"" data-accuracy=""0"" data-latitude=""49.282364"" data-longitude=""-122.983875"" id=""map""></div>]"
[]	[]	[]
"[<div class=""viewposting"" data-accuracy=""0"" data-latitude=""49.183667"" data-longitude=""-122.858133"" id=""map""></div>]"	"[<div class=""viewposting"" data-accuracy=""0"" data-latitude=""49.183667"" data-longitude=""-122.858133"" id=""map""></div>]"	"[<div class=""viewposting"" data-accuracy=""0"" data-latitude=""49.183667"" data-longitude=""-122.858133"" id=""map""></div>]"
[]	[]	[]
"[<div class=""viewposting"" data-accuracy=""17"" data-latitude=""49.278239"" data-longitude=""-122.993984"" id=""map""></div>]"	"[<div class=""viewposting"" data-accuracy=""17"" data-latitude=""49.278239"" data-longitude=""-122.993984"" id=""map""></div>]"	"[<div class=""viewposting"" data-accuracy=""17"" data-latitude=""49.278239"" data-longitude=""-122.993984"" id=""map""></div>]"
[]	[]	[]
"[<div class=""viewposting"" data-accuracy=""17"" data-latitude=""49.153449"" data-longitude=""-123.171403"" id=""map""></div>]"	"[<div class=""viewposting"" data-accuracy=""17"" data-latitude=""49.153449"" data-longitude=""-123.171403"" id=""map""></div>]"	"[<div class=""viewposting"" data-accuracy=""17"" data-latitude=""49.153449"" data-longitude=""-123.171403"" id=""map""></div>]"
"[<div class=""viewposting"" data-accuracy=""17"" data-latitude=""49.278496"" data-longitude=""-123.111883"" id=""map""></div>]"	"[<div class=""viewposting"" data-accuracy=""17"" data-latitude=""49.278496"" data-longitude=""-123.111883"" id=""map""></div>]"	"[<div class=""viewposting"" data-accuracy=""17"" data-latitude=""49.278496"" data-longitude=""-123.111883"" id=""map""></div>]"
[]	[]	[]
"[<div class=""viewposting"" data-accuracy=""0"" data-latitude=""49.252879"" data-longitude=""-123.081795"" id=""map""></div>]"	"[<div class=""viewposting"" data-accuracy=""0"" data-latitude=""49.252879"" data-longitude=""-123.081795"" id=""map""></div>]"	"[<div class=""viewposting"" data-accuracy=""0"" data-latitude=""49.252879"" data-longitude=""-123.081795"" id=""map""></div>]"
"[<div class=""viewposting"" data-accuracy=""17"" data-latitude=""49.226563"" data-longitude=""-123.127357"" id=""map""></div>]"	"[<div class=""viewposting"" data-accuracy=""17"" data-latitude=""49.226563"" data-longitude=""-123.127357"" id=""map""></div>]"	"[<div class=""viewposting"" data-accuracy=""17"" data-latitude=""49.226563"" data-longitude=""-123.127357"" id=""map""></div>]"
[]	[]	[]
"[<div class=""viewposting"" data-accuracy=""0"" data-latitude=""49.222563"" data-longitude=""-123.091524"" id=""map""></div>]"	"[<div class=""viewposting"" data-accuracy=""0"" data-latitude=""49.222563"" data-longitude=""-123.091524"" id=""map""></div>]"	"[<div class=""viewposting"" data-accuracy=""0"" data-latitude=""49.222563"" data-longitude=""-123.091524"" id=""map""></div>]"
[]	[]	[]
"[<div class=""viewposting"" data-accuracy=""5"" data-latitude=""49.250453"" data-longitude=""-123.069180"" id=""map""></div>]"	"[<div class=""viewposting"" data-accuracy=""5"" data-latitude=""49.250453"" data-longitude=""-123.069180"" id=""map""></div>]"	"[<div class=""viewposting"" data-accuracy=""5"" data-latitude=""49.250453"" data-longitude=""-123.069180"" id=""map""></div>]"
"[<div class=""viewposting"" data-accuracy=""17"" data-latitude=""49.258521"" data-longitude=""-123.211910"" id=""map""></div>]"	"[<div class=""viewposting"" data-accuracy=""17"" data-latitude=""49.258521"" data-longitude=""-123.211910"" id=""map""></div>]"	"[<div class=""viewposting"" data-accuracy=""17"" data-latitude=""49.258521"" data-longitude=""-123.211910"" id=""map""></div>]"
"[<div class=""viewposting"" data-accuracy=""0"" data-latitude=""49.280393"" data-longitude=""-123.060208"" id=""map""></div>]"	"[<div class=""viewposting"" data-accuracy=""0"" data-latitude=""49.280393"" data-longitude=""-123.060208"" id=""map""></div>]"	"[<div class=""viewposting"" data-accuracy=""0"" data-latitude=""49.280393"" data-longitude=""-123.060208"" id=""map""></div>]"
"[<div class=""viewposting"" data-accuracy=""17"" data-latitude=""49.247038"" data-longitude=""-123.023371"" id=""map""></div>]"	"[<div class=""viewposting"" data-accuracy=""17"" data-latitude=""49.247038"" data-longitude=""-123.023371"" id=""map""></div>]"	"[<div class=""viewposting"" data-accuracy=""17"" data-latitude=""49.247038"" data-longitude=""-123.023371"" id=""map""></div>]"
[]	[]	[]
[]	[]	[]
[]	[]	[]
"[<div class=""viewposting"" data-accuracy=""0"" data-latitude=""49.229930"" data-longitude=""-122.995634"" id=""map""></div>]"	"[<div class=""viewposting"" data-accuracy=""0"" data-latitude=""49.229930"" data-longitude=""-122.995634"" id=""map""></div>]"	"[<div class=""viewposting"" data-accuracy=""0"" data-latitude=""49.229930"" data-longitude=""-122.995634"" id=""map""></div>]"
"[<div class=""viewposting"" data-accuracy=""0"" data-latitude=""49.278501"" data-longitude=""-123.111634"" id=""map""></div>]"	"[<div class=""viewposting"" data-accuracy=""0"" data-latitude=""49.278501"" data-longitude=""-123.111634"" id=""map""></div>]"	"[<div class=""viewposting"" data-accuracy=""0"" data-latitude=""49.278501"" data-longitude=""-123.111634"" id=""map""></div>]"
[]	[]	[]
"[<div class=""viewposting"" data-accuracy=""0"" data-latitude=""49.281669"" data-longitude=""-122.955287"" id=""map""></div>]"	"[<div class=""viewposting"" data-accuracy=""0"" data-latitude=""49.281669"" data-longitude=""-122.955287"" id=""map""></div>]"	"[<div class=""viewposting"" data-accuracy=""0"" data-latitude=""49.281669"" data-longitude=""-122.955287"" id=""map""></div>]"
[]	[]	[]
"[<div class=""viewposting"" data-accuracy=""0"" data-latitude=""49.234281"" data-longitude=""-123.137076"" id=""map""></div>]"	"[<div class=""viewposting"" data-accuracy=""0"" data-latitude=""49.234281"" data-longitude=""-123.137076"" id=""map""></div>]"	"[<div class=""viewposting"" data-accuracy=""0"" data-latitude=""49.234281"" data-longitude=""-123.137076"" id=""map""></div>]"
"[<div class=""viewposting"" data-accuracy=""10"" data-latitude=""49.256895"" data-longitude=""-123.077613"" id=""map""></div>]"	"[<div class=""viewposting"" data-accuracy=""10"" data-latitude=""49.256895"" data-longitude=""-123.077613"" id=""map""></div>]"	"[<div class=""viewposting"" data-accuracy=""10"" data-latitude=""49.256895"" data-longitude=""-123.077613"" id=""map""></div>]"
"[<div class=""viewposting"" data-accuracy=""17"" data-latitude=""49.277963"" data-longitude=""-123.126871"" id=""map""></div>]"	"[<div class=""viewposting"" data-accuracy=""17"" data-latitude=""49.277963"" data-longitude=""-123.126871"" id=""map""></div>]"	"[<div class=""viewposting"" data-accuracy=""17"" data-latitude=""49.277963"" data-longitude=""-123.126871"" id=""map""></div>]"
"[<div class=""viewposting"" data-accuracy=""17"" data-latitude=""49.272904"" data-longitude=""-123.036436"" id=""map""></div>]"	"[<div class=""viewposting"" data-accuracy=""17"" data-latitude=""49.272904"" data-longitude=""-123.036436"" id=""map""></div>]"	"[<div class=""viewposting"" data-accuracy=""17"" data-latitude=""49.272904"" data-longitude=""-123.036436"" id=""map""></div>]"
[]	[]	[]
"[<div class=""viewposting"" data-accuracy=""17"" data-latitude=""49.243904"" data-longitude=""-123.039461"" id=""map""></div>]"	"[<div class=""viewposting"" data-accuracy=""17"" data-latitude=""49.243904"" data-longitude=""-123.039461"" id=""map""></div>]"	"[<div class=""viewposting"" data-accuracy=""17"" data-latitude=""49.243904"" data-longitude=""-123.039461"" id=""map""></div>]"
"[<div class=""viewposting"" data-accuracy=""0"" data-latitude=""49.265676"" data-longitude=""-122.870017"" id=""map""></div>]"	"[<div class=""viewposting"" data-accuracy=""0"" data-latitude=""49.265676"" data-longitude=""-122.870017"" id=""map""></div>]"	"[<div class=""viewposting"" data-accuracy=""0"" data-latitude=""49.265676"" data-longitude=""-122.870017"" id=""map""></div>]"
[]	[]	[]
[]	[]	[]
"[<div class=""viewposting"" data-accuracy=""0"" data-latitude=""49.263439"" data-longitude=""-122.981224"" id=""map""></div>]"	"[<div class=""viewposting"" data-accuracy=""0"" data-latitude=""49.263439"" data-longitude=""-122.981224"" id=""map""></div>]"	"[<div class=""viewposting"" data-accuracy=""0"" data-latitude=""49.263439"" data-longitude=""-122.981224"" id=""map""></div>]"
[]	[]	[]
[]	[]	[]
"[<div class=""viewposting"" data-accuracy=""5"" data-latitude=""49.314604"" data-longitude=""-123.027649"" id=""map""></div>]"	"[<div class=""viewposting"" data-accuracy=""5"" data-latitude=""49.314604"" data-longitude=""-123.027649"" id=""map""></div>]"	"[<div class=""viewposting"" data-accuracy=""5"" data-latitude=""49.314604"" data-longitude=""-123.027649"" id=""map""></div>]"
"[<div class=""viewposting"" data-accuracy=""10"" data-latitude=""49.284196"" data-longitude=""-123.130665"" id=""map""></div>]"	"[<div class=""viewposting"" data-accuracy=""10"" data-latitude=""49.284196"" data-longitude=""-123.130665"" id=""map""></div>]"	"[<div class=""viewposting"" data-accuracy=""10"" data-latitude=""49.284196"" data-longitude=""-123.130665"" id=""map""></div>]"
"[<div class=""viewposting"" data-accuracy=""0"" data-latitude=""49.239953"" data-longitude=""-123.036956"" id=""map""></div>]"	"[<div class=""viewposting"" data-accuracy=""0"" data-latitude=""49.239953"" data-longitude=""-123.036956"" id=""map""></div>]"	"[<div class=""viewposting"" data-accuracy=""0"" data-latitude=""49.239953"" data-longitude=""-123.036956"" id=""map""></div>]"
[]	[]	[]
"[<div class=""viewposting"" data-accuracy=""0"" data-latitude=""49.239953"" data-longitude=""-123.036956"" id=""map""></div>]"	"[<div class=""viewposting"" data-accuracy=""0"" data-latitude=""49.239953"" data-longitude=""-123.036956"" id=""map""></div>]"	"[<div class=""viewposting"" data-accuracy=""0"" data-latitude=""49.239953"" data-longitude=""-123.036956"" id=""map""></div>]"
"[<div class=""viewposting"" data-accuracy=""0"" data-latitude=""49.239953"" data-longitude=""-123.036956"" id=""map""></div>]"	"[<div class=""viewposting"" data-accuracy=""0"" data-latitude=""49.239953"" data-longitude=""-123.036956"" id=""map""></div>]"	"[<div class=""viewposting"" data-accuracy=""0"" data-latitude=""49.239953"" data-longitude=""-123.036956"" id=""map""></div>]"
"[<div class=""viewposting"" data-accuracy=""0"" data-latitude=""49.270955"" data-longitude=""-123.109252"" id=""map""></div>]"	"[<div class=""viewposting"" data-accuracy=""0"" data-latitude=""49.270955"" data-longitude=""-123.109252"" id=""map""></div>]"	"[<div class=""viewposting"" data-accuracy=""0"" data-latitude=""49.270955"" data-longitude=""-123.109252"" id=""map""></div>]"
"[<div class=""viewposting"" data-accuracy=""0"" data-latitude=""49.232150"" data-longitude=""-123.003278"" id=""map""></div>]"	"[<div class=""viewposting"" data-accuracy=""0"" data-latitude=""49.232150"" data-longitude=""-123.003278"" id=""map""></div>]"	"[<div class=""viewposting"" data-accuracy=""0"" data-latitude=""49.232150"" data-longitude=""-123.003278"" id=""map""></div>]"
[]	[]	[]
[]	[]	[]
"[<div class=""viewposting"" data-accuracy=""0"" data-latitude=""49.253465"" data-longitude=""-123.075564"" id=""map""></div>]"	"[<div class=""viewposting"" data-accuracy=""0"" data-latitude=""49.253465"" data-longitude=""-123.075564"" id=""map""></div>]"	"[<div class=""viewposting"" data-accuracy=""0"" data-latitude=""49.253465"" data-longitude=""-123.075564"" id=""map""></div>]"
"[<div class=""viewposting"" data-accuracy=""0"" data-latitude=""49.249711"" data-longitude=""-123.052592"" id=""map""></div>]"	"[<div class=""viewposting"" data-accuracy=""0"" data-latitude=""49.249711"" data-longitude=""-123.052592"" id=""map""></div>]"	"[<div class=""viewposting"" data-accuracy=""0"" data-latitude=""49.249711"" data-longitude=""-123.052592"" id=""map""></div>]"
[]	[]	[]
"[<div class=""viewposting"" data-accuracy=""0"" data-latitude=""49.248198"" data-longitude=""-123.090820"" id=""map""></div>]"	"[<div class=""viewposting"" data-accuracy=""0"" data-latitude=""49.248198"" data-longitude=""-123.090820"" id=""map""></div>]"	"[<div class=""viewposting"" data-accuracy=""0"" data-latitude=""49.248198"" data-longitude=""-123.090820"" id=""map""></div>]"
"[<div class=""viewposting"" data-accuracy=""0"" data-latitude=""49.233809"" data-longitude=""-123.025889"" id=""map""></div>]"	"[<div class=""viewposting"" data-accuracy=""0"" data-latitude=""49.233809"" data-longitude=""-123.025889"" id=""map""></div>]"	"[<div class=""viewposting"" data-accuracy=""0"" data-latitude=""49.233809"" data-longitude=""-123.025889"" id=""map""></div>]"
"[<div class=""viewposting"" data-accuracy=""5"" data-latitude=""49.287823"" data-longitude=""-123.136954"" id=""map""></div>]"	"[<div class=""viewposting"" data-accuracy=""5"" data-latitude=""49.287823"" data-longitude=""-123.136954"" id=""map""></div>]"	"[<div class=""viewposting"" data-accuracy=""5"" data-latitude=""49.287823"" data-longitude=""-123.136954"" id=""map""></div>]"
"[<div class=""viewposting"" data-accuracy=""0"" data-latitude=""49.248483"" data-longitude=""-123.065243"" id=""map""></div>]"	"[<div class=""viewposting"" data-accuracy=""0"" data-latitude=""49.248483"" data-longitude=""-123.065243"" id=""map""></div>]"	"[<div class=""viewposting"" data-accuracy=""0"" data-latitude=""49.248483"" data-longitude=""-123.065243"" id=""map""></div>]"
"[<div class=""viewposting"" data-accuracy=""0"" data-latitude=""49.271522"" data-longitude=""-123.151406"" id=""map""></div>]"	"[<div class=""viewposting"" data-accuracy=""0"" data-latitude=""49.271522"" data-longitude=""-123.151406"" id=""map""></div>]"	"[<div class=""viewposting"" data-accuracy=""0"" data-latitude=""49.271522"" data-longitude=""-123.151406"" id=""map""></div>]"
[]	[]	[]
"[<div class=""viewposting"" data-accuracy=""0"" data-latitude=""49.278613"" data-longitude=""-123.110304"" id=""map""></div>]"	"[<div class=""viewposting"" data-accuracy=""0"" data-latitude=""49.278613"" data-longitude=""-123.110304"" id=""map""></div>]"	"[<div class=""viewposting"" data-accuracy=""0"" data-latitude=""49.278613"" data-longitude=""-123.110304"" id=""map""></div>]"
[]	[]	[]
"[<div class=""viewposting"" data-accuracy=""17"" data-latitude=""49.281582"" data-longitude=""-122.753588"" id=""map""></div>]"	"[<div class=""viewposting"" data-accuracy=""17"" data-latitude=""49.281582"" data-longitude=""-122.753588"" id=""map""></div>]"	"[<div class=""viewposting"" data-accuracy=""17"" data-latitude=""49.281582"" data-longitude=""-122.753588"" id=""map""></div>]"
"[<div class=""viewposting"" data-accuracy=""0"" data-latitude=""49.137244"" data-longitude=""-123.185631"" id=""map""></div>]"	"[<div class=""viewposting"" data-accuracy=""0"" data-latitude=""49.137244"" data-longitude=""-123.185631"" id=""map""></div>]"	"[<div class=""viewposting"" data-accuracy=""0"" data-latitude=""49.137244"" data-longitude=""-123.185631"" id=""map""></div>]"
"[<div class=""viewposting"" data-accuracy=""0"" data-latitude=""49.220218"" data-longitude=""-122.964562"" id=""map""></div>]"	"[<div class=""viewposting"" data-accuracy=""0"" data-latitude=""49.220218"" data-longitude=""-122.964562"" id=""map""></div>]"	"[<div class=""viewposting"" data-accuracy=""0"" data-latitude=""49.220218"" data-longitude=""-122.964562"" id=""map""></div>]"
"[<div class=""viewposting"" data-accuracy=""0"" data-latitude=""49.248095"" data-longitude=""-122.889081"" id=""map""></div>]"	"[<div class=""viewposting"" data-accuracy=""0"" data-latitude=""49.248095"" data-longitude=""-122.889081"" id=""map""></div>]"	"[<div class=""viewposting"" data-accuracy=""0"" data-latitude=""49.248095"" data-longitude=""-122.889081"" id=""map""></div>]"
"[<div class=""viewposting"" data-accuracy=""17"" data-latitude=""49.235227"" data-longitude=""-123.034185"" id=""map""></div>]"	"[<div class=""viewposting"" data-accuracy=""17"" data-latitude=""49.235227"" data-longitude=""-123.034185"" id=""map""></div>]"	"[<div class=""viewposting"" data-accuracy=""17"" data-latitude=""49.235227"" data-longitude=""-123.034185"" id=""map""></div>]"
[]	[]	[]
"[<div class=""viewposting"" data-accuracy=""0"" data-latitude=""49.240550"" data-longitude=""-123.074909"" id=""map""></div>]"	"[<div class=""viewposting"" data-accuracy=""0"" data-latitude=""49.240550"" data-longitude=""-123.074909"" id=""map""></div>]"	"[<div class=""viewposting"" data-accuracy=""0"" data-latitude=""49.240550"" data-longitude=""-123.074909"" id=""map""></div>]"
[]	[]	[]
"[<div class=""viewposting"" data-accuracy=""0"" data-latitude=""49.238785"" data-longitude=""-123.043571"" id=""map""></div>]"	"[<div class=""viewposting"" data-accuracy=""0"" data-latitude=""49.238785"" data-longitude=""-123.043571"" id=""map""></div>]"	"[<div class=""viewposting"" data-accuracy=""0"" data-latitude=""49.238785"" data-longitude=""-123.043571"" id=""map""></div>]"
"[<div class=""viewposting"" data-accuracy=""0"" data-latitude=""49.233554"" data-longitude=""-123.097417"" id=""map""></div>]"	"[<div class=""viewposting"" data-accuracy=""0"" data-latitude=""49.233554"" data-longitude=""-123.097417"" id=""map""></div>]"	"[<div class=""viewposting"" data-accuracy=""0"" data-latitude=""49.233554"" data-longitude=""-123.097417"" id=""map""></div>]"
[]	[]	[]
"[<div class=""viewposting"" data-accuracy=""5"" data-latitude=""49.239695"" data-longitude=""-123.069513"" id=""map""></div>]"	"[<div class=""viewposting"" data-accuracy=""5"" data-latitude=""49.239695"" data-longitude=""-123.069513"" id=""map""></div>]"	"[<div class=""viewposting"" data-accuracy=""5"" data-latitude=""49.239695"" data-longitude=""-123.069513"" id=""map""></div>]"
"[<div class=""viewposting"" data-accuracy=""0"" data-latitude=""49.119207"" data-longitude=""-122.878725"" id=""map""></div>]"	"[<div class=""viewposting"" data-accuracy=""0"" data-latitude=""49.119207"" data-longitude=""-122.878725"" id=""map""></div>]"	"[<div class=""viewposting"" data-accuracy=""0"" data-latitude=""49.119207"" data-longitude=""-122.878725"" id=""map""></div>]"
[]	[]	[]
"[<div class=""viewposting"" data-accuracy=""0"" data-latitude=""49.140772"" data-longitude=""-123.114166"" id=""map""></div>]"	"[<div class=""viewposting"" data-accuracy=""0"" data-latitude=""49.140772"" data-longitude=""-123.114166"" id=""map""></div>]"	"[<div class=""viewposting"" data-accuracy=""0"" data-latitude=""49.140772"" data-longitude=""-123.114166"" id=""map""></div>]"
"[<div class=""viewposting"" data-accuracy=""0"" data-latitude=""49.288071"" data-longitude=""-123.127738"" id=""map""></div>]"	"[<div class=""viewposting"" data-accuracy=""0"" data-latitude=""49.288071"" data-longitude=""-123.127738"" id=""map""></div>]"	"[<div class=""viewposting"" data-accuracy=""0"" data-latitude=""49.288071"" data-longitude=""-123.127738"" id=""map""></div>]"
"[<div class=""viewposting"" data-accuracy=""0"" data-latitude=""49.287188"" data-longitude=""-123.125118"" id=""map""></div>]"	"[<div class=""viewposting"" data-accuracy=""0"" data-latitude=""49.287188"" data-longitude=""-123.125118"" id=""map""></div>]"	"[<div class=""viewposting"" data-accuracy=""0"" data-latitude=""49.287188"" data-longitude=""-123.125118"" id=""map""></div>]"
"[<div class=""viewposting"" data-accuracy=""0"" data-latitude=""49.131872"" data-longitude=""-122.825693"" id=""map""></div>]"	"[<div class=""viewposting"" data-accuracy=""0"" data-latitude=""49.131872"" data-longitude=""-122.825693"" id=""map""></div>]"	"[<div class=""viewposting"" data-accuracy=""0"" data-latitude=""49.131872"" data-longitude=""-122.825693"" id=""map""></div>]"
"[<div class=""viewposting"" data-accuracy=""5"" data-latitude=""49.271333"" data-longitude=""-123.052368"" id=""map""></div>]"	"[<div class=""viewposting"" data-accuracy=""5"" data-latitude=""49.271333"" data-longitude=""-123.052368"" id=""map""></div>]"	"[<div class=""viewposting"" data-accuracy=""5"" data-latitude=""49.271333"" data-longitude=""-123.052368"" id=""map""></div>]"
"[<div class=""viewposting"" data-accuracy=""17"" data-latitude=""49.211819"" data-longitude=""-123.006911"" id=""map""></div>]"	"[<div class=""viewposting"" data-accuracy=""17"" data-latitude=""49.211819"" data-longitude=""-123.006911"" id=""map""></div>]"	"[<div class=""viewposting"" data-accuracy=""17"" data-latitude=""49.211819"" data-longitude=""-123.006911"" id=""map""></div>]"
[]	[]	[]
"[<div class=""viewposting"" data-accuracy=""17"" data-latitude=""49.261943"" data-longitude=""-123.058753"" id=""map""></div>]"	"[<div class=""viewposting"" data-accuracy=""17"" data-latitude=""49.261943"" data-longitude=""-123.058753"" id=""map""></div>]"	"[<div class=""viewposting"" data-accuracy=""17"" data-latitude=""49.261943"" data-longitude=""-123.058753"" id=""map""></div>]"
[]	[]	[]
"[<div class=""viewposting"" data-accuracy=""0"" data-latitude=""49.202971"" data-longitude=""-122.918560"" id=""map""></div>]"	"[<div class=""viewposting"" data-accuracy=""0"" data-latitude=""49.202971"" data-longitude=""-122.918560"" id=""map""></div>]"	"[<div class=""viewposting"" data-accuracy=""0"" data-latitude=""49.202971"" data-longitude=""-122.918560"" id=""map""></div>]"
"[<div class=""viewposting"" data-accuracy=""0"" data-latitude=""49.241895"" data-longitude=""-122.558413"" id=""map""></div>]"	"[<div class=""viewposting"" data-accuracy=""0"" data-latitude=""49.241895"" data-longitude=""-122.558413"" id=""map""></div>]"	"[<div class=""viewposting"" data-accuracy=""0"" data-latitude=""49.241895"" data-longitude=""-122.558413"" id=""map""></div>]"
"[<div class=""viewposting"" data-accuracy=""17"" data-latitude=""49.248652"" data-longitude=""-123.087564"" id=""map""></div>]"	"[<div class=""viewposting"" data-accuracy=""17"" data-latitude=""49.248652"" data-longitude=""-123.087564"" id=""map""></div>]"	"[<div class=""viewposting"" data-accuracy=""17"" data-latitude=""49.248652"" data-longitude=""-123.087564"" id=""map""></div>]"
"[<div class=""viewposting"" data-accuracy=""17"" data-latitude=""49.170836"" data-longitude=""-122.810756"" id=""map""></div>]"	"[<div class=""viewposting"" data-accuracy=""17"" data-latitude=""49.170836"" data-longitude=""-122.810756"" id=""map""></div>]"	"[<div class=""viewposting"" data-accuracy=""17"" data-latitude=""49.170836"" data-longitude=""-122.810756"" id=""map""></div>]"
"[<div class=""viewposting"" data-accuracy=""17"" data-latitude=""49.212767"" data-longitude=""-123.136933"" id=""map""></div>]"	"[<div class=""viewposting"" data-accuracy=""17"" data-latitude=""49.212767"" data-longitude=""-123.136933"" id=""map""></div>]"	"[<div class=""viewposting"" data-accuracy=""17"" data-latitude=""49.212767"" data-longitude=""-123.136933"" id=""map""></div>]"
"[<div class=""viewposting"" data-accuracy=""5"" data-latitude=""49.765522"" data-longitude=""-123.136568"" id=""map""></div>]"	"[<div class=""viewposting"" data-accuracy=""5"" data-latitude=""49.765522"" data-longitude=""-123.136568"" id=""map""></div>]"	"[<div class=""viewposting"" data-accuracy=""5"" data-latitude=""49.765522"" data-longitude=""-123.136568"" id=""map""></div>]"
[]	[]	[]
"[<div class=""viewposting"" data-accuracy=""0"" data-latitude=""49.235646"" data-longitude=""-123.159785"" id=""map""></div>]"	"[<div class=""viewposting"" data-accuracy=""0"" data-latitude=""49.235646"" data-longitude=""-123.159785"" id=""map""></div>]"	"[<div class=""viewposting"" data-accuracy=""0"" data-latitude=""49.235646"" data-longitude=""-123.159785"" id=""map""></div>]"
"[<div class=""viewposting"" data-accuracy=""0"" data-latitude=""49.241273"" data-longitude=""-123.037477"" id=""map""></div>]"	"[<div class=""viewposting"" data-accuracy=""0"" data-latitude=""49.241273"" data-longitude=""-123.037477"" id=""map""></div>]"	"[<div class=""viewposting"" data-accuracy=""0"" data-latitude=""49.241273"" data-longitude=""-123.037477"" id=""map""></div>]"
[]	[]	[]
"[<div class=""viewposting"" data-accuracy=""0"" data-latitude=""49.121298"" data-longitude=""-122.751617"" id=""map""></div>]"	"[<div class=""viewposting"" data-accuracy=""0"" data-latitude=""49.121298"" data-longitude=""-122.751617"" id=""map""></div>]"	"[<div class=""viewposting"" data-accuracy=""0"" data-latitude=""49.121298"" data-longitude=""-122.751617"" id=""map""></div>]"
"[<div class=""viewposting"" data-accuracy=""0"" data-latitude=""49.262316"" data-longitude=""-123.063483"" id=""map""></div>]"	"[<div class=""viewposting"" data-accuracy=""0"" data-latitude=""49.262316"" data-longitude=""-123.063483"" id=""map""></div>]"	"[<div class=""viewposting"" data-accuracy=""0"" data-latitude=""49.262316"" data-longitude=""-123.063483"" id=""map""></div>]"
[]	[]	[]
[]	[]	[]
"[<div class=""viewposting"" data-accuracy=""17"" data-latitude=""49.209828"" data-longitude=""-122.828115"" id=""map""></div>]"	"[<div class=""viewposting"" data-accuracy=""17"" data-latitude=""49.209828"" data-longitude=""-122.828115"" id=""map""></div>]"	"[<div class=""viewposting"" data-accuracy=""17"" data-latitude=""49.209828"" data-longitude=""-122.828115"" id=""map""></div>]"
"[<div class=""viewposting"" data-accuracy=""17"" data-latitude=""49.216396"" data-longitude=""-122.988552"" id=""map""></div>]"	"[<div class=""viewposting"" data-accuracy=""17"" data-latitude=""49.216396"" data-longitude=""-122.988552"" id=""map""></div>]"	"[<div class=""viewposting"" data-accuracy=""17"" data-latitude=""49.216396"" data-longitude=""-122.988552"" id=""map""></div>]"
